ride_id,ride_start_time,ride_end_time,ride_start_time_ist,ride_end_time_ist,date,month,year,distance_m,duration_secs,efficiency_wh_km,efficiency_km_kwh,soc_usage_wh,soc_usage_percent,ride_start_lat,ride_start_lon,ride_end_lat,ride_end_lon,ride_start_location,ride_end_location,top_speed_kmph,avg_speed_kmph,riding_m,braking_m,coasting_m,eco_mode_distance_m,smart_eco_mode_distance_m,ride_mode_distance_m,sport_mode_distance_m,warp_mode_distance_m,warp_plus_mode_distance_m,zip_mode_distance_m,tags,speed,polyline,act_time
1767151715832,1767151715832,1767151853081,2025-12-31 08:58:35,2025-12-31 09:00:53,2025-12-31,2025-12-01,2025,576,137.2,22.7,44.1,13.0752,0.003533837838,12.018686,78.44042,12.020925,78.44249,,,33.1,16.6,255.2,73.7,247.1,0,0,576,0,0,0,0,,"[21,27,27,33,15]",ykjhAskw}MsBmBf@{DiB{BwAyAoD`B,9.5616
1767152270322,1767152270322,1767152547548,2025-12-31 09:07:50,2025-12-31 09:12:27,2025-12-31,2025-12-01,2025,512,277.2,36.9,27.1,18.8928,0.005106162162,12.020929,78.442505,12.020858,78.44245,,,27.6,7.3,377.9,123.9,10.2,0,0,511,0,0,0,0,,"[25,15,25,25,0]",yyjhAsxw}MeCwBeE{CxBrAjAbArCdC,3.7376
1767154791162,1767154791162,1767154928798,2025-12-31 09:49:51,2025-12-31 09:52:08,2025-12-31,2025-12-01,2025,581,137.6,32.9,30.4,19.1149,0.005166189189,12.020823,78.442406,12.018728,78.440445,,,32.2,16.7,342.2,131.9,106.9,0,0,581,0,0,0,0,,"[31,32,27,24,8]",cyjhA_xw}MjCmBnCrBv@bCW~CdB|A,9.7027
1767156100774,1767156100774,1767156731460,2025-12-31 10:11:40,2025-12-31 10:22:11,2025-12-31,2025-12-01,2025,3290,630.7,38.1,26.3,125.349,0.03387810811,12.018731,78.440384,12.017569,78.45526,,,55.7,20.7,2270.1,503.4,516.5,0,1033,2257,0,0,0,0,,"[36,32,32,38,45,52,55,37,37,39,41,36,40,43,42,53,56,49,49,39,29,35,39,38,37,38,47,46,41,21,25,15]",aljhAkkw}McBmEr@sBu@yC~@oCT}Cx@{DbDwCjCi@jBaBnAaCdCgBvAcA|AaAxCs@~AcCpBuDvCiDhCyCjCyCzAiCn@gAmAgAaC_BsCy@_D{@}GiBaDu@{D_BkBsBk@T_BvCwCzD,68.103
1767157640303,1767157640303,1767158932721,2025-12-31 10:37:20,2025-12-31 10:58:52,2025-12-31,2025-12-01,2025,3480,1292.4,40.3,24.8,140.244,0.03790378378,12.017625,78.45525,12.020848,78.44239,,,46.8,10.7,2081,1214.5,184.4,0,0,3480,0,0,0,0,,"[21,27,41,45,45,34,16,40,35,41,31,32,34,47,47,43,34,40,39,34,33,45,45,40,24,22,26,22,22,24,20,27,32,16]",mdjhAuhz}M~AoBdB_DtDZhDzAlD|@hBd@[p@kApE]pBu@vC{BxCqCjBa@bBJdDv@rD\~C@dCsEzEkA`BaCh@sAz@gElFCvD{@zCo@pAPh@`@~BtArFAGqBcDz@uCeCcB}BYqB|@,37.236
1767166324515,1767166324515,1767166775124,2025-12-31 13:02:04,2025-12-31 13:09:35,2025-12-31,2025-12-01,2025,1288,450.6,24.6,40.6,31.6848,0.008563459459,12.02085,78.44244,12.020851,78.4424,,,41.7,11.3,901.6,143,243.4,0,0,657,629,0,0,0,,"[19,25,23,21,18,22,22,27,20,22,35,22]",iyjhAexw}MkBm@i@rD_Cu@uCfBwAVw@bDHa@pAmD|BNjBkArBs@`Cm@,14.5544
1767168775492,1767168775492,1767168931574,2025-12-31 13:42:55,2025-12-31 13:45:31,2025-12-31,2025-12-01,2025,579,156.1,24.4,41.1,14.1276,0.00381827027,12.020642,78.4426,12.018695,78.4404,,,32.5,14.7,412.2,0,166.8,0,0,0,579,0,0,0,,"[30,33,26,19,22]",_xjhAeyw}MdAMlBCtBzAShDnB`E,8.5113
1767170866369,1767170866369,1767171011896,2025-12-31 14:17:46,2025-12-31 14:20:11,2025-12-31,2025-12-01,2025,575,145.5,19.3,51.8,11.0975,0.002999324324,12.018793,78.44046,12.020827,78.44242,,,34.5,15.6,358.8,29.9,185.7,0,0,0,575,0,0,0,[3],"[20,25,35,26,14]",mljhA{kw}M}AsDVgD}CcCm@IeC`B,8.97
1767186974785,1767186974785,1767187460360,2025-12-31 18:46:14,2025-12-31 18:54:20,2025-12-31,2025-12-01,2025,1121,485.6,23.6,42.4,26.4556,0.007150162162,12.0207405,78.44229,12.020805,78.442276,,,29.6,9.1,844.1,69.5,207.4,0,0,0,1121,0,0,0,,"[22,30,23,21,7,15,24,22,24,25,3]",sxjhAiww}MhBcB|Bl@vBxAs@tEhB`CqA_@W}CTmDeCgB}ALkBjA,10.2011
1767239122235,1767239122235,1767239650404,2026-01-01 09:15:22,2026-01-01 09:24:10,2026-01-01,2026-01-01,2026,986,528.2,27,37.1,26.622,0.007195135135,12.020889,78.44238,12.020853,78.44221,,,26.1,7.4,672.5,0,313.5,0,0,391,591,0,0,0,,"[18,16,16,25,23,16,22,24,17]",qyjhA{ww}MmBiBaEw@A?zCTvBnBf@TuC}BPP`CrC,7.2964
1767241271326,1767241271326,1767241548173,2026-01-01 09:51:11,2026-01-01 09:55:48,2026-01-01,2026-01-01,2026,537,276.8,26.7,37.5,14.3379,0.003875108108,12.020838,78.44217,12.020826,78.44238,,,25.5,7.7,329.2,10.2,198.2,0,0,534,0,0,0,0,,"[20,26,21,24,7]",eyjhAcww}MgBuBgCyBg@IjCfBjCvB,4.1349
1767244995997,1767244995997,1767245998887,2026-01-01 10:53:15,2026-01-01 11:09:58,2026-01-01,2026-01-01,2026,1286,1002.9,28.2,35.4,36.2652,0.009801405405,12.020477,78.442444,12.021929,78.4434,,,34.6,5.1,1040.4,1.3,244.3,0,0,329,0,944,0,0,,"[28,35,26,22,18,19,22,0,25,18,19,23]",_wjhAixw}MJiEqCf@s@dAd@d@dDh@q@jA}AcBkBcBlBdBhC\eAXiFsE,6.5586
1767246398218,1767246398218,1767246570232,2026-01-01 11:16:38,2026-01-01 11:19:30,2026-01-01,2026-01-01,2026,285,172,34.2,29.3,9.747,0.002634324324,12.021917,78.44338,12.0207815,78.442314,,,26,6.6,235.1,33.9,16,0,0,285,0,0,0,0,,"[26,17]",_`khAc~w}MvEbEJP,1.881
1767248162447,1767248162447,1767248642724,2026-01-01 11:46:02,2026-01-01 11:54:02,2026-01-01,2026-01-01,2026,369,480.3,49.1,20.4,18.1179,0.00489672973,12.020751,78.442276,12.021652,78.44313,,,25.8,3,156.8,208.1,4.1,0,0,369,0,0,0,0,,"[26,10,9]",i_khAw|w}MnCpBPHaCuB,1.107
1767251760525,1767251760525,1767252085508,2026-01-01 12:46:00,2026-01-01 12:51:25,2026-01-01,2026-01-01,2026,285,325,33,30.3,9.405,0.002541891892,12.020965,78.4424,12.022328,78.44333,,,20,3.5,224,61,0,0,0,285,0,0,0,0,,"[3,13]",_zjhA_xw}MaCqCoCg@,0.9975
1767253493650,1767253493650,1767253936870,2026-01-01 13:14:53,2026-01-01 13:22:16,2026-01-01,2026-01-01,2026,369,443.2,29,34.4,10.701,0.002892162162,12.022292,78.44336,12.021595,78.44312,,,19.5,3.3,212.9,156.1,0,0,0,369,0,0,0,0,,"[18,18,16]",ibkhA_~w}MrCr@|AxAgB_B,1.2177
1767259561892,1767259561892,1767260116761,2026-01-01 14:56:01,2026-01-01 15:05:16,2026-01-01,2026-01-01,2026,368,554.9,23.3,42.8,8.5744,0.002317405405,12.020967,78.442566,12.020326,78.44262,,,28.6,2.6,318,47.1,2.9,0,0,368,0,0,0,0,,[0],azjhA_yw}M~BK,0.9568
1767260358148,1767260358148,1767260931884,2026-01-01 15:09:18,2026-01-01 15:18:51,2026-01-01,2026-01-01,2026,735,573.7,26.3,38,19.3305,0.005224459459,12.020284,78.44257,12.020343,78.44257,,,20.8,5.1,588,94.8,52.2,0,0,735,0,0,0,0,,"[19,20,16,18,0,21,7]",wujhAayw}MmBReDsCmCCh@qAxBlBjCzBdBS,3.7485
1767261232676,1767261232676,1767261383521,2026-01-01 15:23:52,2026-01-01 15:26:23,2026-01-01,2026-01-01,2026,481,150.8,27.4,36.5,13.1794,0.003562,12.020395,78.44255,12.020733,78.44226,,,21,12.6,399.2,52.9,28.9,0,0,481,0,0,0,0,,"[20,19,21,14]",ovjhA}xw}MqD_AsBeBnAfArCvC,6.0606
1767319082750,1767319082750,1767320114532,2026-01-02 07:28:02,2026-01-02 07:45:14,2026-01-02,2026-01-01,2026,5456,1031.8,28,35.7,152.768,0.04128864865,12.02082,78.44247,12.0209465,78.4424,,,57,20.9,4119.3,261.9,1074.8,0,0,75,5381,0,0,0,,"[21,24,41,42,27,34,34,30,36,35,35,37,45,45,35,24,26,35,36,16,25,55,56,24,31,19,19,35,35,37,43,24,29,38,42,28,28,46,55,56,34,40,47,43,34,40,42,55,57,35,39,44,39,9]",cyjhAkxw}M`Ba@hBSzC_Bd@}CEkAdCwEtAyAtDkAvAcBrA_CrBqAIqFo@qDk@aDd@iC`@mAdCkArCmFb@aCZ_B`A_DmCgBuEwAiDiCw@uA_Bb@Lo@fCnA`BhBvEpBxCn@lA^mApDq@zDs@bD{BzCoA`@mB`G`AxEr@bFIrBgC`BcB~CsBzA}BZ{AbB{BzBItEqAnE{AXcBuB}AoBiAnAV`E,114.0304
1767346190448,1767346190448,1767346758380,2026-01-02 14:59:50,2026-01-02 15:09:18,2026-01-02,2026-01-01,2026,1194,567.9,27.1,36.9,32.3574,0.008745243243,12.020906,78.44237,12.020935,78.4424,,,29,8.3,1049.5,0,144.5,0,0,0,1193,0,0,0,,"[20,27,23,17,20,20,27,26,26,29,15]",}yjhAyww}MpBYlCW~AfACvCbBzE??mBqCj@{C}AsBaCsAyCfB,9.9102
1767361170849,1767361170849,1767361998170,2026-01-02 19:09:30,2026-01-02 19:23:18,2026-01-02,2026-01-01,2026,4425,827.3,25.6,39.1,113.28,0.03061621622,12.020828,78.44247,12.020882,78.442444,,,44.1,21.2,3447.1,115.1,862.9,0,0,0,4425,0,0,0,,"[28,31,35,36,38,44,31,34,31,31,37,36,29,40,39,31,33,24,22,24,28,20,20,31,34,33,22,26,35,37,38,43,35,31,36,25,33,37,39,40,42,32,25,7]",eyjhAmxw}Ms@iD~Bs@rApBrAzAhCwDRmDPcCbB{AbDiChBWzCkEjB}AlAiAaAgGq@}CWaCd@gC~BwA|AeBvAqDr@wD`B}FGZkApD_AzEg@lB_BvBsCxA_A|Ef@jCb@~Bb@vDsB`EmAhByAzB}Ap@qDpBuBbB[~CWjDgAxC{CiAcBfD}@w@,93.81
1767413595390,1767413595390,1767414027649,2026-01-03 09:43:15,2026-01-03 09:50:27,2026-01-03,2026-01-01,2026,3824,432.3,29.1,34.4,111.2784,0.03007524324,12.020943,78.442444,11.996389,78.44648,,,60.1,35,3162.4,458.9,202.7,0,0,3824,0,0,0,0,,"[23,34,41,44,45,48,38,41,48,48,31,41,38,43,47,50,50,52,44,28,39,32,30,41,41,46,47,48,50,54,57,60,60,58,44,21,6,0]",{yjhAgxw}MjCaAvCz@lAeCn@qDT{DrCgClB}AtC}@zBwDbD{BvAy@dCqAvBeAdBwCjBgDtCsCpCaDlCsDxA{BfAb@dCpAjBn@pBLlC~@`DdAnDnAvDpAvDvAxDbB`EpBnE~B|EhC|EbClE`CpB|Ap@h@LB@C,133.84
1767417755713,1767417755713,1767418169509,2026-01-03 10:52:35,2026-01-03 10:59:29,2026-01-03,2026-01-01,2026,3922,413.8,30.4,32.9,119.2288,0.032224,11.996477,78.44631,12.02091,78.4424,,,62.5,37.5,3545.5,376.5,0,0,0,3922,0,0,0,0,,"[35,45,49,54,57,60,60,60,63,59,60,60,53,41,27,42,55,56,53,54,38,42,35,39,39,38,35,38,40,38,39,40,35,21,29,15,4]",_afhAmpx}Mm@e@iCwBkDiB_EuBsE_CmFoCaFgCiFwBaFcB_GsBsE_BcGqB_EoBqAQu@lA}A`CqCbDeDnDmCtD_CdEkChAqCzA}AfAaCbBuApCoB|AiC^gBfBiB`CClDm@`DwA|BeBaBk@f@w@bBm@C[W,147.075
1767419916123,1767419916123,1767420806554,2026-01-03 11:28:36,2026-01-03 11:43:26,2026-01-03,2026-01-01,2026,9266,890.4,34.1,29.3,315.9706,0.08539745946,12.020884,78.44236,12.055712,78.47688,,,64.5,41.2,8858.3,250.2,157.5,0,0,9266,0,0,0,0,,"[32,34,35,36,30,33,36,34,32,34,40,41,42,41,44,46,40,32,29,33,39,33,18,39,44,44,46,44,49,55,59,62,63,63,62,64,63,63,63,63,63,64,65,64,63,62,62,62,63,63,63,62,63,64,61,61,59,44,48,52,54,54,50,49,42,39,45,43,43,42,25,30,7,1,26,37,35,33,26,16]",oyjhAwww}Ma@wEpA_AlDtE`BCv@oB\_CjAsGnB}AlAiA~B]dBsBdBiC`CkBk@cDg@uDw@oDh@eDtAuAzCiCr@eBnA{Gn@{B?}AcCi@kDaAuCmBwBwCkB}CqAyDsCkD_E_DiDgEaDwE_E_EyD}D_EaE}E_DiFmCcFqCaE_EoDqEuEmDaFaD_FwCiEsD_D}EuC{EuD_EsEeDgEsDyDeEcCiFcE{D{EcDiEeDgFoBuECwB~BaCvCqCfDoCjDgCnD}A`Ew@lEc@hCe@hC_AjDaBzCqDEwC]{AO_B_@KC??u@[{BmAyBuAqBoAcBs@iB[,381.7592
1767422035584,1767422035584,1767422343171,2026-01-03 12:03:55,2026-01-03 12:09:03,2026-01-03,2026-01-01,2026,957,307.6,34.9,28.6,33.3993,0.009026837838,12.05573,78.47703,12.059367,78.476944,,,31.8,12.3,450.7,344.5,160.8,0,0,957,0,0,0,0,,"[32,30,22,24,25,31,18,27,19]",isqhAmp~}MmDI\qEZyBEbAg@dDgCbAkC[sC_@mCtB,11.7711
1767423103688,1767423103688,1767423210898,2026-01-03 12:21:43,2026-01-03 12:23:30,2026-01-03,2026-01-01,2026,278,107.2,26.4,37.9,7.3392,0.001983567568,12.059401,78.47699,12.059584,78.47798,,,31.3,10.3,182.9,95.1,0,0,0,276,0,0,0,0,,"[22,18]",gjrhAep~}M]gCE}@,2.8634
1767425634379,1767425634379,1767425968650,2026-01-03 13:03:54,2026-01-03 13:09:28,2026-01-03,2026-01-01,2026,1451,334.3,26.7,37.5,38.7417,0.01047072973,12.059596,78.478004,12.052691,78.47515,,,36.2,17.2,950.4,213.3,287.3,0,0,1451,0,0,0,0,,"[31,32,29,31,30,32,23,24,33,36,32,32,31,4]",okrhAov~}MhBbA`CXrBTfEh@z@mBl@wD@?u@`FxAbBvCTxB|@fBpAbEzBnBxA,24.9572
1767426763957,1767426763957,1767427063868,2026-01-03 13:22:43,2026-01-03 13:27:43,2026-01-03,2026-01-01,2026,1133,299.9,21,47.6,23.793,0.006430540541,12.052694,78.475136,12.052157,78.48294,,,29.7,15,890.5,106.5,136,0,0,1133,0,0,0,0,[3],"[23,23,24,29,27,30,27,25,25,27,14]",i`qhAqd~}M`ABrBk@j@aDh@yEAgD_@eEWeBYcEGoDCiDaAcC,16.995
1767429587109,1767429587109,1767430875864,2026-01-03 14:09:47,2026-01-03 14:31:15,2026-01-03,2026-01-01,2026,3314,1288.8,27.8,35.9,92.1292,0.02489978378,12.052218,78.48308,12.047111,78.48066,,,54.2,10.2,2197.2,367.9,749,0,0,3312,0,0,0,0,,"[19,20,21,21,27,23,25,27,26,31,23,19,19,30,39,38,25,25,28,31,24,22,29,28,3,27,22,23,22,46,54,45,11]",k}phAgv_~MzD\pEErCu@dCqA|DkA`AHwF`AeB`@iCfB}DJoDOgCAyDKoBE{FxCsBdBoCbCf@OhDfBvB\^hChBhAjDNnDEbDFx@dDtCd@xCh@tCd@~AwBxAeEjA{BbC_B,33.8028
1767432440844,1767432440844,1767433207678,2026-01-03 14:57:20,2026-01-03 15:10:07,2026-01-03,2026-01-01,2026,7699,766.8,34.4,29.1,264.8456,0.07157989189,12.047211,78.480804,12.020936,78.4424,,,75.4,39.8,6813.6,30.8,846.9,0,0,1150,0,6549,0,0,[2],"[34,42,45,35,30,46,48,53,53,48,47,62,69,70,73,75,74,69,67,71,72,73,75,65,47,65,71,68,71,73,74,73,74,75,72,54,41,20,31,33,42,39,27,26,27,30,42,46,45,26,25,24,28,31,27,26,25,35,36,43,46,44,29,23,23,20,16,13,4,2]",a~ohAah_~Mx@sAfBwB|BkCbBwBdCkChD@bEv@hDpCrDbCdD|BbCtBvBdEtD~EvElEhF|D`F`FhDxFnDbF|ErDzFpDzFrDvEzEvEnFbFxC`DfB`EzBbFzDfEnEvErEfEnFjEtFlFlEzCbGtDpGxE|DxErAhBp@e@bAi@hBa@lBc@tCw@dCcAlAu@hAiBZk@fBQfDx@~D^bDd@fBs@nAoAv@eAtAaAnBoA`A}ANqAv@yAtAgBlBEfDq@|DmAtBwAeAq@Km@rAg@dAg@g@]]BDCL,306.4202
1767436779456,1767436779456,1767438695556,2026-01-03 16:09:39,2026-01-03 16:41:35,2026-01-03,2026-01-01,2026,15288,1916.1,26.8,37.3,409.7184,0.1107347027,12.020854,78.44238,12.06334,78.4037,,,62.7,31.6,12261,489.2,2522.5,0,0,0,2157,13131,0,0,[4],"[45,50,45,42,38,34,38,38,38,50,42,41,37,34,37,44,43,44,46,40,37,44,40,41,41,35,46,38,40,37,36,35,43,47,46,45,47,45,39,45,52,51,52,37,31,28,40,41,46,52,56,54,47,47,47,43,57,59,51,59,60,63,49,40,42,18,31,36,33,42,40,42,33,35,36,39,33,24,20,27,30,42,47,43,33,52,48,52,57,58,56,57,36,20,43,50,48,51,51,17,8,37,38,39,41,44,49,49,36,46,40,27,33,38,41,44,44,25,41,47,44,32,37,32,46,45,50,40,34,30,30,39,40,37,44,44,49,50,47,42,41,44,22,28,31,30,32,28,23,27,24,17]",iyjhA}ww}McCr@o@jEk@~DShDW~COrBEtCgAvFo@fC_AdESdBWzFNxCTfCVxBh@vDb@hC~FnDzDbApCl@fC\zC`AzCt@~C~@jCx@pBl@xC|@|C`AbDv@nCp@jCbAdFlBpC~@tCxAjClAbD~AjC~ClB~BbBjCdBzChBzD~AfEtAxDvAnBVpBQnByB~CgBfCmBhDsA`EgBzEgBbEcA`E_C|C{CxAoCH}EfAgEbBPvDDlFs@pFgAbGgA~Dw@nCc@nC_@f@yAHqCDgCc@_Dy@iCiAmCuAkBm@cCcAiCeA{Cs@cCa@qAb@y@[{Ak@qEuAgCy@oDgAkDm@}Bm@}Fk@kEQyESmFc@{Fa@oFg@qFq@cCm@_Af@eA|BiBrDkB`DkA~DqAtDe@V??y@}AoAeCqAkC_BiCkBwCuA_E_A}D_A_CgC{B_C_B}@VoAnAwC]mGgBuDa@_DYeAFkC^uDv@kDh@wCFeF[cBi@cCuAuDiAyDuA}C_A{Be@cFaAeB]}B`BeDv@}By@gDw@oDe@mDg@qEs@}DOqDScD`@iDhAaA`APrBJpF\`Bp@zB`ArCzD_@|DXz@xBa@~E,483.1008
1767444759541,1767444759541,1767445013154,2026-01-03 18:22:39,2026-01-03 18:26:53,2026-01-03,2026-01-01,2026,1536,253.6,36.5,27.4,56.064,0.01515243243,12.063274,78.40374,12.062331,78.3957,,,61.3,24,900.1,635.9,0,0,0,0,0,1536,0,0,,"[19,24,28,28,27,50,47,61,48,58,54,60,47,0]",mbshAkfp}M`DxAbAtB|DYzAkA|BmASjDXfEx@dFOjDeChEaCzDaCpEwAbDOh@,36.864
1767450106747,1767450106747,1767450376862,2026-01-03 19:51:46,2026-01-03 19:56:16,2026-01-03,2026-01-01,2026,1407,270.1,38.2,26.2,53.7474,0.01452632432,12.061715,78.39665,12.063274,78.40369,,,65.9,20.6,755.6,651.4,0,0,0,0,0,1407,0,0,,"[66,63,48,52,54,50,20,26,28,31,5,26,22]",wxrhAazn}M|CcHvCyE`B{Dy@sE_@cFNcE[w@iAj@cAxAmB|@eBVeAoC_E}A,28.9842
1767491146610,1767491146610,1767491386973,2026-01-04 07:15:46,2026-01-04 07:19:46,2026-01-04,2026-01-01,2026,1542,240.4,36.7,27.2,56.5914,0.01529497297,12.063285,78.40366,12.062316,78.39574,,,53.5,25.4,1096.4,445.6,0,0,0,0,0,1542,0,0,,"[20,20,30,31,30,43,52,54,52,46,50,50,43,33,0]",obshA}ep}MrDvAr@fBnC?jBcAvCoBEnBFnEl@bFRlEiBbDwBhDsBrDwAlC}@tBSl@,39.1668
1767493224346,1767493224346,1767493485601,2026-01-04 07:50:24,2026-01-04 07:54:45,2026-01-04,2026-01-01,2026,1677,261.3,37.5,26.7,62.8875,0.01699662162,12.061696,78.39661,12.063296,78.40371,,,69.4,25.4,739.6,724.5,213,0,0,0,0,1677,0,0,,"[27,30,41,47,69,51,52,56,49,24,31,28,32,30,26,17]",sxrhAyyn}McB~B`AeCnA{BhBmDxCaFxAeEaAoEYiFX_Ew@m@eAlAmAhAmB`AiAPMkBwFkC,42.5958
1767505223330,1767505223330,1767507209750,2026-01-04 11:10:23,2026-01-04 11:43:29,2026-01-04,2026-01-01,2026,15578,1986.4,28,35.8,436.184,0.1178875676,12.063357,78.40369,12.173597,78.41086,,,55,31.1,13552.9,155.8,1869.4,0,0,0,0,15574,0,0,"[1, 4]","[22,24,26,26,27,31,31,33,29,38,42,40,39,37,39,35,34,33,34,35,33,28,36,35,38,38,40,40,39,38,44,47,41,43,43,37,40,35,27,46,51,47,43,43,42,34,33,43,44,47,49,40,50,48,45,44,46,47,46,48,49,45,48,47,41,41,22,26,43,44,46,49,45,44,45,45,46,48,42,38,37,25,20,25,39,40,41,39,38,33,39,41,35,22,22,21,37,37,37,45,47,50,46,44,47,44,43,40,41,44,46,44,49,48,49,45,49,51,51,54,55,54,52,49,38,37,44,47,47,47,50,46,44,43,54,55,54,49,50,45,41,46,36,28,22,21,19,29,28,29,29,29,20,22,12]",_cshAafp}M^gEe@mCiE_@eBPuCa@w@_FYsBCmCc@uEuARcEi@{GtBwCfAmCv@wCb@iCk@qA`BsAzAuFdBqBl@}C~@kBZkGz@cCF}CWyCH_Dn@eD\aCBsDJuGh@aECkDKsDImDKkBeB}Ca@eCMaB^sBtAqD|CiCfCeDn@kD^mDBeBvAcBfAaDIsDQ{D]iEa@qCUsE?cEG}Dk@yDSuDo@eEc@gE_@iEm@{Eg@iD[mE{@wDy@iCcB_CiAqAa@w@j@mBpCcBrC}AlDoBrDiCjBeDfBwCjB{CpBaDrBgDlBoCzAcCrAaCvAkAh@_Ap@mAz@mBrAiC~AkCdB_C|AsB|AcBlA}B~AaCnBuDnDaDfCSp@_CHcEyB{BkAeCmAsCiB{CeCmDsBkDoAqDk@gE@uD\gDM}B}A{CwA{ByBoCkBmDg@iEYoEWyDDyDD{D|@qE\{EI_F_@uEc@yEa@uE[kDk@mCs@wCg@_D{@yDcAyDiAmDaA_EgAoDyA}CqAyCmA{DeBeEaCwDgCuDaBaEkA_EqAoC}@cDsBmBcAcBi@gAo@e@_A{@q@b@cBt@gBdAyADmB_@mBo@s@[kA@wA,484.4758
1767520183068,1767520183068,1767521143957,2026-01-04 15:19:43,2026-01-04 15:35:43,2026-01-04,2026-01-01,2026,7941,960.9,32.3,31,256.4943,0.06932278378,12.173651,78.410835,12.130431,78.39287,,,61.7,32.7,7139,182.6,611.5,0,0,0,0,7941,0,0,,"[18,28,28,28,28,24,27,42,47,49,44,51,57,57,59,48,45,50,49,49,45,49,40,42,44,53,55,54,62,60,54,56,56,54,56,55,53,49,59,58,57,59,60,50,46,49,45,36,42,27,25,25,35,35,40,43,44,41,45,43,35,26,16,22,31,35,40,40,36,43,42,42,32,16,17,0]",ithiAwrq}Mf@~CjAvC?rBwBxDIhCfC`CbDhAzB~AfD|A|DlAhDbAhDdAtErCjEjCrEzBhDpAbDrAxDbB`EhAtD`AbDhAxD`A`Dz@jDl@jDv@lEr@dF`@bF`@pF^zFX`FMxEmAnFI`FDfFTfFb@zDjBnCpCjE`C|Ez@rF]vF\tE|@jDrBvClBnCnC~CpAhCrArCvAvA|@pASz@u@|AcBbBeBfB}AfCwBpCqBfCiBpCqBvCgBfBiAxA_AVOMTiBdAwBlAcC|A{BbB{BxAeCrBiCpByBrBoAlAu@Xy@_@KI,259.6707
1767521642599,1767521642599,1767522638024,2026-01-04 15:44:02,2026-01-04 16:00:38,2026-01-04,2026-01-01,2026,9426,995.4,30.5,32.8,287.493,0.07770081081,12.130443,78.39281,12.063301,78.4037,,,57.7,37.5,8144.1,132,1150,0,0,0,0,9426,0,0,[4],"[45,47,45,37,43,45,42,41,28,25,32,46,49,49,56,53,54,52,46,46,47,49,51,20,42,48,45,49,51,53,43,53,54,58,57,54,54,56,58,57,55,46,40,48,53,41,47,50,38,31,38,39,37,46,48,51,45,37,27,45,47,46,49,50,51,51,49,51,43,37,41,41,44,46,37,38,31,34,25,25,30,36,33,33,28,25,24,27,28,22,25,26,14]",gf`iAabn}M~FiCpC_CnCqBzB_BjCoBzCiBlCcBbC_BnAeAlA}@zAw@tCyAdDwBlDkB|D_CxDeCzDgCzDyBnCaC~AiD`BeDjBeDnBwCjADdCx@tC~BtD|@~Dx@rEd@zEf@lDh@pE^~Ej@nFr@lFb@~D\nEAjFRfFd@jF`@fFTxBy@vBeBdEExEk@nCqAbCgCtCiCpBmAtBCdCJfCx@nBlArDFlELxELtDQ`CSbBI|CGfEOzDm@xDa@rEXnEe@tEo@bEeAjEsAbDcApA{AxB{A~C\hDq@zD}AlC_AjC{@rBFrCTx@\J|AH~B?tCdArBLlC^lAbBK~A[pBJpBVx@f@SlBOpACjB,353.475
1767523779079,1767523779079,1767525557698,2026-01-04 16:19:39,2026-01-04 16:49:17,2026-01-04,2026-01-01,2026,15413,1778.6,28.4,35.2,437.7292,0.1183051892,12.063242,78.40362,12.0209055,78.44243,,,55.9,34.3,13471,400.7,1541.3,0,0,0,0,15413,0,0,"[1, 4]","[21,22,26,29,29,27,36,37,29,40,43,47,48,48,45,50,50,43,29,28,35,27,29,34,29,44,47,49,44,46,47,48,47,47,39,41,52,54,47,33,47,51,43,44,49,50,46,52,34,30,42,43,44,44,44,21,29,42,45,47,47,48,49,47,43,35,35,36,39,39,40,36,34,32,32,33,32,31,30,33,32,33,31,31,37,38,43,52,49,47,48,38,46,46,45,46,45,43,45,45,46,45,45,42,36,23,34,35,44,46,50,51,54,46,50,42,48,49,53,43,29,30,33,22,37,46,47,48,52,49,45,44,49,51,49,49,50,45,48,50,51,49,52,40,27,9,10,25,47,56,55,41,37,4]",gbshAsep}MP{Fu@kBqBSaFNcBBSeEgA}EI{COsBjC_CzCoAvDFjEH`Ej@vDh@dEf@hDj@~ChAfBn@`Ae@t@cCdCInB`@xE|@|Bj@vC~@lDjAxDlA|CdB|Db@dEDfEk@bEy@tDe@`DPrCXrE|@hEhAfC_@bAeA~BdBzCfCz@|CbApDvA|D|BnDnBhD`BfDvAzBr@mA`A}C~@iDrBkDrAoCnAoC`Ai@zA`@zCh@|Dd@|CRnFZlE`@lEVdEJnDPtBNlBh@xCx@jC^tC`ApCv@nBn@rChA~AAvBHbCh@zE|ArBx@pBt@dFbCxBz@dB^jFTxB?x@oDx@mCt@{C`AqEt@mE`@mEW{DMgCjDmBxCkAtDOpDeA~BwBrA}C~@uDxAoDrAsDnAiDfByCvAwBbBiCj@o@XuBc@aCcBiCeA{CaB_EgB}DaCaEwB}CiCyCsBiBqD_BuDiByD_B{CcAkBs@oBu@}Bm@iAWwBi@kDeA{C_AyC}@eDcAkFuAwDy@aDm@eDcAiEy@uCmCs@kEe@aEYsDQiERsEj@uDv@oDfAmE`@oCByAB_@?SJeAVyCd@_G`@uDf@mDXoB|Az@,528.6659
1767530079532,1767530079532,1767530259158,2026-01-04 18:04:39,2026-01-04 18:07:39,2026-01-04,2026-01-01,2026,601,179.6,31.9,31.3,19.1719,0.005181594595,12.020892,78.4423,12.0186615,78.44041,,,27.6,13.2,397.3,67.9,135.8,0,0,0,0,601,0,0,,"[21,25,28,19,15]",qyjhAkww}MtBgA~AUbClBDhB|A~F,7.9332
1767532012914,1767532012914,1767532373513,2026-01-04 18:36:52,2026-01-04 18:42:53,2026-01-04,2026-01-01,2026,599,360.6,26.3,38,15.7537,0.004257756757,12.018638,78.44045,12.020812,78.44242,,,28.1,6.6,463,34.1,101.8,0,0,0,0,596,0,0,,"[19,23,22,28,14]",_ljhAskw}MiBuAVaDaAyC{BqBqCrB,3.9534
1767581061098,1767581061098,1767581223563,2026-01-05 08:14:21,2026-01-05 08:17:03,2026-01-05,2026-01-01,2026,584,162.5,28.8,34.7,16.8192,0.00454572973,12.020943,78.4423,12.018681,78.44039,,,26.6,14.2,387.2,0,196.8,0,584,0,0,0,0,0,,"[27,26,21,18,18]",{yjhAkww}MrCiBpBn@`C|Aw@hCrBnE,8.2928
1767582907085,1767582907085,1767583681926,2026-01-05 08:45:07,2026-01-05 08:58:01,2026-01-05,2026-01-01,2026,1111,774.8,28.4,35.2,31.5524,0.008527675676,12.018754,78.44032,12.020947,78.44239,,,28.2,5.7,971,0,140,0,1102,0,0,0,0,0,,"[15,21,24,19,28,8,14,22,16,21]",eljhA_kw}Me@Y_AgBp@cEsAsAwC}AmBhBg@a@iDyCm@k@tEvE,6.3327
1767591565921,1767591565921,1767591889718,2026-01-05 11:09:25,2026-01-05 11:14:49,2026-01-05,2026-01-01,2026,506,323.8,25.2,39.6,12.7512,0.00344627027,12.020888,78.44239,12.020905,78.442375,,,21.7,6.2,455.9,24.8,24.8,0,502,0,0,0,0,0,,"[19,14,14,15]",qyjhA}ww}M_D_DoBk@X]pFlF,3.1372
1767593872368,1767593872368,1767593960372,2026-01-05 11:47:52,2026-01-05 11:49:20,2026-01-05,2026-01-01,2026,260,88,23.7,42.2,6.162,0.001665405405,12.020924,78.442345,12.022424,78.44316,,,22.4,11.7,186.9,0,73.1,0,260,0,0,0,0,0,,"[22,12]",wyjhAuww}MqDuDyBR,3.042
1767594240201,1767594240201,1767594352970,2026-01-05 11:54:00,2026-01-05 11:55:52,2026-01-05,2026-01-01,2026,264,112.8,18.5,53.9,4.884,0.00132,12.022364,78.44316,12.020945,78.44238,,,21.6,9.3,190.1,72.1,2.1,0,260,0,0,0,0,0,[3],"[22,16]",wbkhAw|w}M|CTzBbC,2.4552
1767596778298,1767596778298,1767596889759,2026-01-05 12:36:18,2026-01-05 12:38:09,2026-01-05,2026-01-01,2026,277,111.5,23.6,42.3,6.5372,0.001766810811,12.021062,78.44235,12.022524,78.44305,,,17.6,9.8,244.9,0,32.1,0,275,0,0,0,0,0,,"[15,15]",szjhAwww}MuAyBmEM,2.7146
1767597763711,1767597763711,1767597891188,2026-01-05 12:52:43,2026-01-05 12:54:51,2026-01-05,2026-01-01,2026,280,127.5,23.5,42.5,6.58,0.001778378378,12.022533,78.44302,12.020918,78.44239,,,18.9,8.7,182,31.1,66.9,0,280,0,0,0,0,0,,"[19,18]",yckhA}{w}MzBeAdEdE,2.436
1767607330569,1767607330569,1767608264673,2026-01-05 15:32:10,2026-01-05 15:47:44,2026-01-05,2026-01-01,2026,8306,934.1,30.5,32.8,253.333,0.06846837838,12.020851,78.44229,12.051713,78.48063,,,77,35.2,7217.9,166.1,922,0,0,19,8287,0,0,0,[2],"[37,45,48,52,48,50,47,32,42,45,48,48,47,54,55,48,34,33,39,46,40,36,28,46,52,57,60,61,66,63,67,65,65,62,67,60,64,74,76,77,72,69,68,69,65,63,63,63,61,62,61,59,56,52,37,20,31,34,26,29,27,21,23,21,17,16,14,14,18,20,3,6,15,22,19,19,19,20,17,15,15,9,0]",iyjhAiww}MeAeDzAgCdBhBfC|CbBeCj@qEf@wDbBiAfD_CpCuAxBwDnCqBg@{Dm@_E_@qF`AsCrBq@xAiBx@}Bt@{Dt@cDn@cBeAa@mD{@aEcBaDyDkCwE{BeFqEyD}DaEgDkFeEkEeEeE{DcEgFaDyEiC{EmCaFqE{EyF{FiE_GkDmFuDyDaFiDqFoDuEsEgDuEqD{DiEiC_FuDeEoE}CkEyC_EiCcE_@aCDqA@yBEkCSiBUuBM_BHqA`@qAb@mA`@g@t@q@b@[By@Bw@D}@DGA??s@A{@EiAAIx@ChABrA?jAB|@Dz@?f@BF,292.3712
1767610222324,1767610222324,1767610487226,2026-01-05 16:20:22,2026-01-05 16:24:47,2026-01-05,2026-01-01,2026,853,264.9,31.6,31.7,26.9548,0.007285081081,12.051848,78.480865,12.046899,78.483765,,,30.5,12.8,305.4,514.4,34.1,0,0,0,851,0,0,0,,"[30,23,23,25,23,27,24,13]",a{phAmh_~MHoG@yAhCk@rCEnDq@lDgB|Cs@vDf@,10.9184
1767611376939,1767611376939,1767611955102,2026-01-05 16:39:36,2026-01-05 16:49:15,2026-01-05,2026-01-01,2026,7316,578.2,38.2,26.1,279.4712,0.07553275676,12.046891,78.48377,12.02091,78.442345,,,85.8,50.1,6240.5,80.5,995,0,0,0,7316,0,0,0,[2],"[33,33,48,61,72,75,79,82,79,77,82,75,83,83,79,78,79,76,77,83,86,83,82,79,77,79,76,61,26,40,38,48,42,33,39,56,69,65,50,55,47,43,44,53,56,46,36,32,32,14,8]",a|ohAqz_~MvCEhFJlGGlEnAfFbEbG`ExE|FnErGvFfFbGlEdFnGzDjGpFtFjHhEnGhEjFrFfFrFjH`E`G~C~G|FhGjGrFnGzEtGbG~ExCzFnExHfFlDtFzAPhAq@xBm@pCw@~D_AnBkAxA_Cx@{@dEfA`G|@~F_CnC_CxDmCdB}Bx@iCtBy@jEw@vE{AzB_BcBs@fA}@dB_@[]O,366.5316
1767614406946,1767614406946,1767614653917,2026-01-05 17:30:06,2026-01-05 17:34:13,2026-01-05,2026-01-01,2026,606,247,33.2,30.1,20.1192,0.005437621622,12.020942,78.442444,12.018659,78.44043,,,26.7,9.7,440,0,166,0,0,0,605,0,0,0,,"[19,27,21,16,15]",{yjhAgxw}MxB[hC?rBrASbBbBtF,5.8782
1767616182659,1767616182659,1767616331415,2026-01-05 17:59:42,2026-01-05 18:02:11,2026-01-05,2026-01-01,2026,588,148.8,22.8,43.8,13.4064,0.003623351351,12.018722,78.440384,12.020913,78.442406,,,35.1,15.7,452.2,0,135.8,0,0,0,588,0,0,0,,"[28,22,25,35,15]",_ljhAmkw}MmB}DVqAu@wBgC_CaDtB,9.2316
1767619577026,1767619577026,1767619939127,2026-01-05 18:56:17,2026-01-05 19:02:19,2026-01-05,2026-01-01,2026,596,362.1,33.5,29.9,19.966,0.005396216216,12.020864,78.44239,12.018736,78.4404,,,26.7,6.5,485.1,0,110.9,0,566,0,30,0,0,0,,"[20,19,27,21,15]",wxjhAoww}M|AeAlAi@dCzB?~C`BrE,3.874
1767627206560,1767627206560,1767627376157,2026-01-05 21:03:26,2026-01-05 21:06:16,2026-01-05,2026-01-01,2026,582,169.6,26.6,37.6,15.4812,0.004184108108,12.018776,78.440186,12.020838,78.44238,,,31.4,13.6,408,33.2,140.8,0,582,0,0,0,0,0,,"[23,25,23,31,23]",kljhAcjw}M}A_Eb@kCsBuCiAuAcD~B,7.9152
1767673532982,1767673532982,1767673663102,2026-01-06 09:55:32,2026-01-06 09:57:43,2026-01-06,2026-01-01,2026,310,130.1,34.2,29.3,10.602,0.002865405405,12.020959,78.442474,12.0225,78.44302,,,22.6,9.4,278.1,18.9,13,0,310,0,0,0,0,0,,"[23,20,7]",_zjhAoxw}M}AyAeB{AoBfA,2.914
1767674359127,1767674359127,1767674721695,2026-01-06 10:09:19,2026-01-06 10:15:21,2026-01-06,2026-01-01,2026,1464,362.6,22.5,44.5,32.94,0.008902702703,12.022499,78.44304,12.020836,78.44228,,,40.3,16,1071.6,83.4,310.4,0,1462,0,0,0,0,0,,"[23,29,32,40,30,21,25,23,19,24,19,23,26,19]",sckhA_|w}M~C_@rBUhAkB~D~EdAbAfApBc@lDf@vAz@?eBeDZqAs@wB_CaCaDlC,23.424
1767675048988,1767675048988,1767675127538,2026-01-06 10:20:48,2026-01-06 10:22:07,2026-01-06,2026-01-01,2026,288,78.6,26.1,38.4,7.5168,0.002031567568,12.02082,78.44231,12.0225,78.44305,,,23.3,14.5,275,0,13,0,288,0,0,0,0,0,,"[23,10]",cyjhAkww}M_F{EoBfA,4.176
1767675455027,1767675455027,1767675583668,2026-01-06 10:27:35,2026-01-06 10:29:43,2026-01-06,2026-01-01,2026,282,128.6,26.3,38,7.4166,0.002004486486,12.022517,78.44304,12.020909,78.44244,,,19.9,8.7,194,35,53,0,279,0,0,0,0,0,,"[19,16]",wckhA_|w}MpBoAnEfE,2.4534
1767677011462,1767677011462,1767677475616,2026-01-06 10:53:31,2026-01-06 11:01:15,2026-01-06,2026-01-01,2026,1183,464.2,24.1,41.5,28.5103,0.007705486486,12.020887,78.44236,12.020927,78.442406,,,29.1,10.1,882.5,106.5,194,0,1183,0,0,0,0,0,,"[22,27,29,21,23,18,23,21,21,28,14]",qyjhAwww}MpBk@|Ak@`CnBBbCAzD~@`@uAmDv@uC}BwAkBaAsCxA,11.9483
1767682720301,1767682720301,1767682804904,2026-01-06 12:28:40,2026-01-06 12:30:04,2026-01-06,2026-01-01,2026,254,84.6,31,32.2,7.874,0.002128108108,12.020825,78.44245,12.022398,78.44321,,,22,11.9,223,22.1,8.9,0,254,0,0,0,0,0,,"[22,15]",eyjhAixw}MsDwCeC@,3.0226
1767683935990,1767683935990,1767684045976,2026-01-06 12:48:55,2026-01-06 12:50:45,2026-01-06,2026-01-01,2026,283,110,24.9,40.2,7.0467,0.001904513514,12.022419,78.44313,12.020794,78.44225,,,18.7,10.2,234,49,0,0,283,0,0,0,0,0,,"[16,15]",cckhAq|w}MbCW`EfE,2.8866
1767703669787,1767703669787,1767704216404,2026-01-06 18:17:49,2026-01-06 18:26:56,2026-01-06,2026-01-01,2026,2000,546.6,28.9,34.7,57.8,0.01562162162,12.02094,78.44234,12.020844,78.44243,,,52.5,14.5,1370,262,370,0,207,0,1793,0,0,0,,"[23,27,40,44,45,34,18,50,53,39,22,23,22,0,18,20,22,29,13]",{yjhAsww}M|CmBnBjAnAkA`AkD@oD~@wBr@AoBnDa@|EgAhCJt@\pBpAdG@@mBwAn@uEuA_BeBiBkD`B,29
1767704550371,1767704550371,1767704681483,2026-01-06 18:32:30,2026-01-06 18:34:41,2026-01-06,2026-01-01,2026,549,131.1,29.8,33.6,16.3602,0.004421675676,12.020856,78.44242,12.02216,78.43845,,,37,16.6,446.9,0,102.1,0,0,0,549,0,0,0,,"[24,28,31,35,21]",kyjhAcxw}M{Bh@[fBq@vF_@fEYdE,9.1134
1767705355610,1767705355610,1767705474789,2026-01-06 18:45:55,2026-01-06 18:47:54,2026-01-06,2026-01-01,2026,592,119.2,21.8,46,12.9056,0.003488,12.022209,78.43847,12.020832,78.44242,,,40.7,19.7,407.3,0,185.3,0,0,0,592,0,0,0,[3],"[32,38,41,36,21]",yakhAm_w}Ml@qGXcDd@iD`@sCbCa@,11.6624
1767772337637,1767772337637,1767772441262,2026-01-07 13:22:17,2026-01-07 13:24:01,2026-01-07,2026-01-01,2026,457,103.6,27.4,36.5,12.5218,0.00338427027,12.02084,78.442345,12.019264,78.44085,,,39,17.5,219.8,37,200.2,0,0,0,457,0,0,0,,"[27,39,32,15]",gyjhAuww}MvCeCfBhBvAbA[bG,7.9975
1767773353277,1767773353277,1767773481192,2026-01-07 13:39:13,2026-01-07 13:41:21,2026-01-07,2026-01-01,2026,493,127.9,31.6,31.6,15.5788,0.004210486486,12.019251,78.44091,12.020861,78.44244,,,34.8,15.3,319,0,174,0,0,0,493,0,0,0,,"[23,25,35,14]",iojhAunw}MZqDcAsBiCuBoCjB,7.5429
1767788525778,1767788525778,1767789385353,2026-01-07 17:52:05,2026-01-07 18:06:25,2026-01-07,2026-01-01,2026,4340,859.6,25.8,38.8,111.972,0.0302627027,12.020888,78.44235,12.02087,78.44246,,,57.1,20,3419.9,73.8,846.3,0,0,0,177,4162,0,0,,"[32,17,46,49,50,46,37,39,51,40,43,46,52,44,32,31,27,37,42,39,40,2,31,36,40,23,30,43,46,48,46,44,48,43,33,28,40,44,57,44,33,30,7]",qyjhAuww}M`D}Bl@`@lDcB\sEdAoDfC_CdBg@bCgAhBgDbCiBZwBe@uD}@oEDmDd@mB~Ag@bCqCt@uBl@cDh@eCvA{CMBiA|CaA|Eu@xCsBfCoCxBm@bDr@zDj@hE^bDeCbBqBdDgB~AyBVkApA_CbBi@lDg@~EuAdC_BqAsBtBgAY,86.8
1767794551894,1767794551894,1767795221564,2026-01-07 19:32:31,2026-01-07 19:43:41,2026-01-07,2026-01-01,2026,1080,669.7,29.3,34.2,31.644,0.008552432432,12.021531,78.44343,12.018734,78.44045,,,29,6.4,838.1,42.1,199.8,0,0,0,0,1075,0,0,,"[23,24,21,18,18,22,24,29,18,14]",q}jhAm~w}MfB`De@i@y@sBhC|DHKjBm@xAE|BfBAzBpAlF,6.912
1767795627329,1767795627329,1767795837788,2026-01-07 19:50:27,2026-01-07 19:53:57,2026-01-07,2026-01-01,2026,579,210.5,19.8,50.4,11.4642,0.003098432432,12.018751,78.44047,12.020829,78.44243,,,28,10.9,471.9,0,107.1,0,0,0,0,579,0,0,[3],"[19,19,23,28,20]",eljhA}kw}M}A}Ch@aCkAeB}ByBaDvB,6.3111
1767838090189,1767838090189,1767838272562,2026-01-08 07:38:10,2026-01-08 07:41:12,2026-01-08,2026-01-01,2026,594,182.4,38.2,26.2,22.6908,0.006132648649,12.0209255,78.44226,12.018719,78.44036,,,29.1,12.9,583.9,0,10.1,0,0,594,0,0,0,0,,"[27,26,29,19,22]",yyjhAcww}MhC}A`BNxB|AElBxA|F,7.6626
1767838704791,1767838704791,1767839298224,2026-01-08 07:48:24,2026-01-08 07:58:18,2026-01-08,2026-01-01,2026,935,593.4,26,38.4,24.31,0.00657027027,12.018723,78.44036,12.020929,78.44238,,,32.3,6.2,635.8,41.1,258.1,0,0,935,0,0,0,0,,"[25,22,26,32,27,0,19,23,10]",_ljhAgkw}MoBoDx@aDoCmBiAqAeBjD}A{AoD{ChBvA~ApB,5.797
1767849408411,1767849408411,1767850370282,2026-01-08 10:46:48,2026-01-08 11:02:50,2026-01-08,2026-01-01,2026,5470,961.9,30.8,32.5,168.476,0.04553405405,12.020955,78.442314,12.020951,78.44237,,,53.1,22.5,3648.5,142.2,1679.3,0,0,899,0,4571,0,0,,"[31,31,30,23,29,22,24,23,30,38,42,38,40,36,33,38,40,35,33,29,37,42,43,46,52,49,38,35,33,44,42,32,45,44,53,48,42,46,33,39,36,31,41,32,37,44,41,48,37,33,40,35,18,16]",_zjhAmww}MdCqAzACdDdC{@zCL~BLV[gDCqDVkCx@eCDgDt@mC~BmBpAkAjEiBnAaC|BeB~AcAhEgBvAeApAyBxAsCvBeC`CgClC_DrB_DdAqAxC`BpBx@gCeA}BuAw@t@aBrC}BnCqCzCeCjCaBtCoB`DoBz@cCrAsAt@oDtCsAjCaBjAwEtB}BzBMrDq@tDiAvBaBgAsAkB{Cf@{ARfCrC,123.075
1767852935205,1767852935205,1767853063894,2026-01-08 11:45:35,2026-01-08 11:47:43,2026-01-08,2026-01-01,2026,262,128.7,26.2,38.2,6.8644,0.001855243243,12.022411,78.443085,12.0209465,78.4424,,,20.8,8.1,220.1,0,41.9,0,0,262,0,0,0,0,,"[21,19]",ackhAg|w}MrCMnCtC,2.1222
1767937451544,1767937451544,1767937746045,2026-01-09 11:14:11,2026-01-09 11:19:06,2026-01-09,2026-01-01,2026,1920,294.5,25.2,39.7,48.384,0.01307675676,12.020952,78.44235,12.013924,78.453896,,,53.4,25.8,1397.8,0,522.2,0,0,1918,0,0,0,0,,"[31,24,34,49,51,46,44,33,36,44,40,34,49,53,43,33,28,39,10]",}yjhAuww}MtC_Bh@WxCF`AsDJuEhCeC`BeBbCW|AuAbB{CfCeBGeCc@wDcAsEXoD`AcBxCiBjBwEh@gA,49.536
1767939563490,1767939563490,1767939895937,2026-01-09 11:49:23,2026-01-09 11:54:55,2026-01-09,2026-01-01,2026,2041,332.4,25.9,38.6,52.8619,0.014287,12.01391,78.45388,12.018758,78.44038,,,51.2,24.3,1614.4,61.2,365.3,0,0,1211,0,830,0,0,,"[45,27,29,42,44,27,51,41,46,48,31,20,34,41,42,43,28,26,25,7]",}mihAw_z}MeAxC{BlDsCxAk@~BLrDj@fC~@nG_BpByBnC{BnCwBP_Az@oD`DU|C]pDgAjCc@b@|AxBi@vDfBhB,49.5963
1767940731394,1767940731394,1767940951040,2026-01-09 12:08:51,2026-01-09 12:12:31,2026-01-09,2026-01-01,2026,601,219.6,18.7,53.5,11.2387,0.003037486486,12.018758,78.44042,12.02092,78.442375,,,31,10.8,464,40.3,96.8,0,0,0,0,601,0,0,[3],"[20,23,25,31,26,0]",gljhAskw}MgB{Bb@aDmAuBaCaBcB|Cw@m@,6.4908
1767960701957,1767960701957,1767961161860,2026-01-09 17:41:41,2026-01-09 17:49:21,2026-01-09,2026-01-01,2026,570,459.9,24.5,40.8,13.965,0.003774324324,12.020936,78.442375,12.020917,78.44239,,,24.2,4.9,377.9,63.3,128.8,0,0,309,254,0,0,0,,"[24,24,19,24,12]",{yjhAyww}M`@PeAmARsCa@bCt@fA,2.793
1767965125428,1767965125428,1767965474260,2026-01-09 18:55:25,2026-01-09 19:01:14,2026-01-09,2026-01-01,2026,745,348.8,26.4,37.8,19.668,0.005315675676,12.020842,78.44244,12.017746,78.445915,,,32.2,8.5,678,52.2,14.9,0,0,745,0,0,0,0,,"[19,27,31,31,32,31,4]",gyjhAgxw}MvB}@zAB|CmB^yB?kCr@wBbDqC,6.3325
1767966265717,1767966265717,1767966746986,2026-01-09 19:14:25,2026-01-09 19:22:26,2026-01-09,2026-01-01,2026,2985,481.3,33.4,30,99.699,0.02694567568,12.017683,78.44591,12.004306,78.46198,,,54.2,24.6,2250.7,501.5,232.8,0,0,2985,0,0,0,0,,"[36,43,44,26,32,45,51,52,54,53,53,33,39,42,25,44,50,52,53,51,53,53,32,33,39,39,36,29,20]",oejhA}mx}M~FiDdBsCnCsBrAg@tEkBzAuBlB{DvCcDzCeDtCsDdBuC~@FzBrArCt@f@e@jB}CrBqDvB{DdBcEpAcEnBiEvCsCnBmAsAKeC}AiBgCM{AxA_AnA_@,73.431
1767967405541,1767967405541,1767967791238,2026-01-09 19:33:25,2026-01-09 19:39:51,2026-01-09,2026-01-01,2026,2708,385.7,29.6,33.8,80.1568,0.021664,12.004233,78.46201,12.015604,78.45187,,,50.6,27.8,2353.3,213.9,140.8,0,0,2708,0,0,0,0,,"[24,27,30,33,31,33,41,44,45,41,41,44,42,27,35,43,44,50,51,46,36,21,29,33,31,32,1]",mqghAqr{}MuBh@mAjAbBdDxAxA~C|@cEpCcB`C{AhDeApDqA|C{AzCgB|CeBrCs@nAgC^aDuAmC}BgDwBeEeAwDeAmBSc@jAcAvEe@hCq@rByC~C{AT,75.2824
1767968368290,1767968368290,1767969218820,2026-01-09 19:49:28,2026-01-09 20:03:38,2026-01-09,2026-01-01,2026,7116,850.5,37.4,26.8,266.1384,0.0719292973,12.0155945,78.451935,12.05171,78.47454,,,64.8,33.1,6568.1,370,177.9,0,0,7116,0,0,0,0,,"[27,31,40,35,38,39,45,44,45,47,47,53,55,56,54,53,53,55,58,62,61,62,62,63,64,65,63,62,62,62,61,61,58,59,60,63,63,60,61,57,6,0,7,30,37,40,43,43,42,42,41,43,37,39,44,43,33,33,33,17,0]",mxihAqsy}MfDsAlA{A`BgHd@uBn@sBcD{AoDcA}C}BsBwCcBqCsAcEsCeDsDuCyCsDeCyD{CcDcD{CcDkDkDaDsEkC_FkC}EoCwD_EqDkEmEkD_F{C}EsCcEsD_DwEuCyEkD_EiE_D{D{CiDwDsCqEcDqEqEeDoEsCkE_DgFg@eAHC???iAt@_BvBeBvByBjCuBlCqB`C}AtCgAzCm@jDg@jC_@~B{@hDgAzCaCZiCUwBUc@h@^T,235.5396
1767969615810,1767969615810,1767970699998,2026-01-09 20:10:15,2026-01-09 20:28:19,2026-01-09,2026-01-01,2026,5413,1084.2,40.7,24.6,220.3091,0.059543,12.05167,78.47455,12.05171,78.475624,,,58.2,19.8,4303.3,866.1,243.6,0,0,5413,0,0,0,0,,"[20,41,46,47,47,42,41,46,47,42,33,39,46,48,53,55,53,57,58,58,56,46,45,48,1,0,0,21,46,52,50,47,53,52,50,48,39,42,50,51,38,52,51,52,54,46,19,0,4,12,19,26,33,10]",}yphA}`~}MuAmAiGqC_DiBcDmBoDm@cCYyCYoDg@_Ee@aCWwBBgCrA_Dx@gEh@yEVcFg@yEg@kFRmF~@}EZgEoBmBq@~Cv@bDpAz@WA???LZxHqApEc@nEPzDt@xEDvEe@`Em@jDqAlCg@fDZbEj@nEb@|B^`E`@xD~ArDzB|DzBdCv@n@ZTx@?E[?e@cAoBeAdCx@n@}B,107.1774
1767970984178,1767970984178,1767971141681,2026-01-09 20:33:04,2026-01-09 20:35:41,2026-01-09,2026-01-01,2026,1067,157.5,21.9,45.6,23.3673,0.006315486486,12.051701,78.47559,12.047457,78.480354,,,43.4,26.8,953.9,113.1,0,0,0,1067,0,0,0,0,,"[32,40,40,43,39,41,41,43,40,22]",czphAmg~}MbCxC`DPtBeB`AiDh@mCr@gDh@iDdAkDfAcCzAeA,28.5956
1767973187159,1767973187159,1767973394920,2026-01-09 21:09:47,2026-01-09 21:13:14,2026-01-09,2026-01-01,2026,1686,207.8,45.3,22.1,76.3758,0.02064210811,12.047453,78.48036,12.056585,78.47733,,,53.1,32.1,1313.4,278.2,94.4,0,0,1686,0,0,0,0,,"[37,42,43,44,32,46,51,48,47,29,45,53,53,52,44,10]",q_phAie_~MsA~AqAtC}@pDo@fD[nBw@hDqAdEkDbAuD_@eBM}CaAqDqByD_C_E_BcD]s@u@,54.1206
1767974351723,1767974351723,1767975312403,2026-01-09 21:29:11,2026-01-09 21:45:12,2026-01-09,2026-01-01,2026,9316,960.7,41.6,24,387.5456,0.1047420541,12.05649,78.47734,12.0209,78.44238,,,65,38.4,8030.4,1034.1,251.5,0,147,9031,138,0,0,0,,"[42,45,49,53,53,38,50,53,53,38,46,50,53,52,46,50,53,49,28,52,57,58,58,59,59,62,62,62,61,56,64,56,59,59,60,58,61,62,61,61,61,60,61,61,61,61,61,62,64,65,64,64,59,9,27,40,36,47,42,38,0,0,5,50,59,59,51,59,60,39,34,51,55,51,39,0,0,28,26,16,0,0]",axqhAkr~}MdEhA`DfAfDpBpDzBlDhAdBTfEd@pDqAfAaEd@iBt@}Dr@gE|AkEbBqCtBiC`CwCrCgDlBgCbAiApDY~Ex@xDbDfEnCdE~C`DzDbDnFtD|DtDtCnEbDfDbEnClE`CvDpDhDhElCnEpCdEvCdD~CvD`FlExCzEhCzEhCfE`DvD|DzDvDtDxDzCpEnDbEdEjDpC|EpCjFlDtEjFxBtDx@DPi@xAq@rCa@zB_AxDmA`BoAtAaB^?BA@e@~BTpE~@nGUzDgDpD_ClCmCd@yAzAcChCMhFwAdEsB_@{@G??c@fA{@jAa@w@ABOD,357.7344
1768024858208,1768024858208,1768025268272,2026-01-10 11:30:58,2026-01-10 11:37:48,2026-01-10,2026-01-01,2026,1169,410.1,24.2,41.3,28.2898,0.007645891892,12.02094,78.44226,12.020837,78.442406,,,34.3,11.3,709.6,0,459.4,0,0,174,0,990,0,0,,"[29,30,31,21,19,19,22,27,29,34,17]",{yjhAcww}MbBa@rBmAtC~BWnC~AjEUGmAkBn@yDcC}B{BSmBt@,13.2097
1768044998990,1768044998990,1768046026708,2026-01-10 17:06:38,2026-01-10 17:23:46,2026-01-10,2026-01-01,2026,9841,1027.7,40.1,24.9,394.6241,0.1066551622,12.020846,78.442375,11.997056,78.3866,,,86.3,37.9,8335.3,1062.8,442.8,0,3977,1584,3319,961,0,0,[2],"[53,71,79,67,59,75,67,81,86,75,64,67,55,70,74,73,64,53,51,56,48,48,47,44,39,37,40,41,41,35,36,36,22,21,32,33,28,31,24,32,36,40,39,42,44,44,45,47,45,43,45,45,41,43,47,44,44,44,41,41,36,16,27,31,30,30,35,38,40,41,41,39,38,40,41,36,37,48,49,49,47,46,53,56,52,30,0,31,34,14,14,15,16,14,17,18,15,10]",iyjhA{ww}M}B`@{@nGu@xHc@fGO|EeB|FmAlGa@nIn@pJ~@|HzCnElGrA~Dz@pFnA~GfBxGpBdF|AhEnA`Dt@hEvAnDrAxDrAjD`BdDzAhCrAfBpBlBzBdBjC|AfCnA`CdAjCbA`Cb@`A\v@j@lBpAhBd@lAMtBUtAiAt@yAvBuAlCgB|CaAdDoAdD}AfDw@pDkBpDsCtBkDh@{D^eDxAoB|AXtCLzEi@xDw@nDo@rDy@`D}@fD[tBHp@nAb@nB`AxArAGfBExCHbD^fDvAnCpB`C|BpBzBdBbClBtBfBtBbBtB`BbDdC|C|BxC~BzC`CtCzBxC`CfDhChDnC`Al@?@dAz@fBtAj@DZq@\o@`@u@\o@`@}@^y@^}@ZgB,372.9739
1768046880184,1768046880184,1768047002721,2026-01-10 17:38:00,2026-01-10 17:40:02,2026-01-10,2026-01-01,2026,498,122.5,52.2,19.1,25.9956,0.007025837838,11.997138,78.3865,11.999358,78.38491,,,31.9,16.1,282.9,215.1,0,0,0,498,0,0,0,0,,"[19,21,20,20]",cefhAszl}Mk@jCiAbC_ChEeE{C,8.0178
1768050419611,1768050419611,1768051253382,2026-01-10 18:36:59,2026-01-10 18:50:53,2026-01-10,2026-01-01,2026,6660,833.8,30.9,32.3,205.794,0.05562,11.99954,78.38504,12.014032,78.425995,,,57.7,31.6,6360.3,0,299.7,0,0,6660,0,0,0,0,,"[30,30,31,32,37,36,36,30,31,28,29,44,45,46,37,35,32,30,30,31,23,25,25,26,27,34,34,49,51,50,37,39,36,33,40,34,37,37,36,36,39,38,36,35,34,28,38,44,58,58,54,49,44,45,44,40,41,40,39,36,28,31,36,37,26,3]",ctfhAoql}MgEyCyAiAcEaDcBwAuB_BqB_BqEiDkByAeBwAkDkCaBsAuEqDoCwB_CuByBwBsAoBw@{BW}BQyBLeFy@mCuAu@mCkCl@gEn@{AtAaGf@gCp@cET{Ec@cEp@qBnCgAjC_AjCK|Ce@tBkA|AyBv@iCp@kCjAiC`AoCjC_HpAuBtAwBjA_CpAeBJsCuA{BeBqEqB{EiBaEoBiDmBwCaCsCaC_CsCoAwCwAmCsAsCcAcC{@yAi@sBu@gCq@kCm@{Ac@^sC,210.456
1768052342212,1768052342212,1768052756650,2026-01-10 19:09:02,2026-01-10 19:15:56,2026-01-10,2026-01-01,2026,2844,414.4,32,31.2,91.008,0.02459675676,12.013952,78.42587,12.020784,78.44243,,,56.1,27.2,2607.9,105.2,130.8,0,0,2844,0,0,0,0,,"[46,37,48,49,47,46,41,53,54,52,53,56,56,54,44,43,43,42,38,32,50,52,50,36,30,20,0]",}nihAgqt}M{Fl@cCs@oDgAaEkA{DaA{Dy@sCk@{DgAmEsA{A_Es@aF_@gFQoFZgFl@oDx@oDz@kD`@}CHyCRsB^iEb@}Eh@}DVkB`@cBv@n@j@^,77.3568
1768053000330,1768053000330,1768053123799,2026-01-10 19:20:00,2026-01-10 19:22:03,2026-01-10,2026-01-01,2026,553,123.5,39,25.6,21.567,0.005828918919,12.02078,78.44242,12.018736,78.44042,,,36.9,17.7,339,95.1,118.9,0,0,553,0,0,0,0,,"[26,37,23,23,22]",{xjhAcxw}M|BuArCpA`Ap@]dE`BzC,9.7881
1768057741057,1768057741057,1768058019176,2026-01-10 20:39:01,2026-01-10 20:43:39,2026-01-10,2026-01-01,2026,583,278.1,24.2,41.3,14.1086,0.003813135135,12.018737,78.440384,12.0208645,78.44242,,,32.8,8.3,404,75.2,103.8,0,0,583,0,0,0,0,,"[21,25,22,33,18]",qljhA}kw}MsAkBX_D}AqCsBaAmCxA,4.8389
1768104820473,1768104820473,1768105011970,2026-01-11 09:43:40,2026-01-11 09:46:51,2026-01-11,2026-01-01,2026,566,191.5,32.1,31.1,18.1686,0.004910432432,12.02086,78.44237,12.018735,78.44039,,,33.6,11.7,367.9,11.9,186.2,0,0,566,0,0,0,0,,"[21,34,23,27,17]",uxjhAiww}MnAq@dDJl@b@TpCvAjF,6.6222
1768105939689,1768105939689,1768106108244,2026-01-11 10:02:19,2026-01-11 10:05:08,2026-01-11,2026-01-01,2026,574,168.6,22,45.4,12.628,0.003412972973,12.018748,78.44033,12.020826,78.4424,,,31.3,13.5,401.8,0,172.2,0,0,574,0,0,0,0,,"[25,20,23,31,16]",eljhAakw}MgBuEx@qCeC{AsBm@wBrA,7.749
1768109376427,1768109376427,1768110817708,2026-01-11 10:59:36,2026-01-11 11:23:37,2026-01-11,2026-01-01,2026,10146,1441.3,39.1,25.6,396.7086,0.1072185405,12.0208,78.44236,11.997071,78.38654,,,53.5,27.9,9760.5,182.6,202.9,0,0,10146,0,0,0,0,,"[28,37,45,50,54,49,5,28,31,38,38,35,39,38,39,37,38,39,37,36,33,34,34,29,28,30,27,29,27,34,32,31,24,33,34,44,44,43,40,38,40,40,38,37,38,35,34,25,29,24,34,35,37,39,42,42,42,42,41,37,38,38,35,34,38,37,37,37,36,30,30,29,32,34,32,40,40,41,41,38,39,39,43,45,38,41,40,37,44,43,39,40,40,42,40,35,36,30,22,23,12]",sxjhA{vw}MaAmAuAvAi@lDc@jEg@`FSrC@@S|F]lBs@pCs@rCm@lCk@jH@bDT|CXtC^|Cf@~CjA`C~Bx@`Cd@~Br@lDn@lEfAlBd@zErAjBh@~DlAvAd@pF`BzBd@xBl@vCdAzEfB|Bt@tCtApCpA|CpAtBpBvB`CdBbC`BhCrAbCjAjCdAlC|@vBfCdFj@vA[hEaAh@mChEeAnBoBfEcAvCkAzCqA|Cs@fD_BvCeCdBmCn@cDHoC~@aC|@cAxA\vCJ|Cw@pGq@dDe@nCo@pBm@pBy@tEzBvBtBfAl@pBGpCBpCVzD~@vCbB~BtBrBvBbBdCtBjCrBvBfB~BjB|BhBzB`BfCnB~BlB~B`BbChBdClBbCvB`CjBtElDlBxAhAh@zAgCrAiCtAmE,283.0734
1768112188124,1768112188124,1768112320268,2026-01-11 11:46:28,2026-01-11 11:48:40,2026-01-11,2026-01-01,2026,490,132.1,62.1,16.1,30.429,0.008224054054,11.997085,78.38653,11.99935,78.38498,,,52.2,14.7,329.8,160.2,0,0,0,0,490,0,0,0,,"[23,21,21,12]",wdfhAyzl}MsAhEmAbCsAdCoE}C,7.203
1768114251008,1768114251008,1768114610398,2026-01-11 12:20:51,2026-01-11 12:26:50,2026-01-11,2026-01-01,2026,2462,359.4,31.7,31.5,78.0454,0.02109335135,11.999426,78.38487,12.013081,78.39883,,,39.6,27.1,2292.1,0,169.9,0,0,0,2462,0,0,0,,"[27,28,28,31,32,38,39,38,40,36,34,39,39,33,34,34,30,28,31,32,32,31,30,5]",msfhAmpl}M{D{CkBsAeEoDaBqAaBqAwEyD_CeBeCeB}BeBuBcBmB{AqBaByBgBqBwAeB_BwDwDiAaBs@kBc@mFBmCD_CsB_DiBu@eE[,66.7202
1768115738847,1768115738847,1768116941163,2026-01-11 12:45:38,2026-01-11 13:05:41,2026-01-11,2026-01-01,2026,7200,1202.3,31.4,31.8,226.08,0.0611027027,12.013056,78.3989,12.020862,78.44242,,,38.9,23.7,6379.2,475.2,345.6,0,0,0,7200,0,0,0,,"[30,31,31,29,30,31,34,32,35,35,36,33,33,33,33,29,32,32,29,31,36,36,36,28,27,25,26,27,28,30,30,25,24,26,29,28,27,29,28,25,27,29,28,32,33,27,32,30,30,27,26,26,28,31,30,29,27,29,29,30,33,33,28,27,22,15,31,30,31,22,26]",shihAcho}MpCcC^wBv@uBfA{E`@sB`AyFPiCIyB]qCrDiD`CaAfCQbCMvBaAhDcEd@mBl@{BlBqEn@mBt@sBpCsFrAuBfA_CxA}A@iEgBsCi@aB{AuDq@aBqBuEkAkBwBiD{@cAoCaD}AmAmEmBaB{@_EgBcBk@qDoA{DwAoBe@iEgAwBo@{Bs@oDcAiF_BqBi@uBi@uEaAwAWcEmAiB[iEgCi@wBq@iFQoBSwBSiFJ{Bp@aGh@aCh@mBfA{EFkA^{ELcDTaCj@_GPqAzCcD,170.64